Team,V1,V2,V3,WS Win?
2018 Yankees,-203.3944874,-55.70898683,-51.36584832,0
2018 White Sox,208.1243922,-94.86697146,-51.95356919,0
2018 Twins,55.54878589,-49.24606926,-68.78398687,0
2018 Tigers,208.9416051,-37.61014856,-63.31913355,0
2018 Royals,228.0230473,-66.30187076,-76.53272241,0
2018 Rockies,20.73147373,39.82847289,-77.22259832,0
2018 Reds,138.4660511,-79.4591942,-54.90801201,0
2018 Red Sox,-229.0510887,-7.592346326,-68.85388566,1
2018 Rays,-76.54118099,-58.90380533,-66.88929889,0
2018 Rangers,143.1476641,-43.06215426,-48.9437765,0
2018 Pirates,33.82330881,-12.71045293,-70.00278962,0
2018 Phillies,88.88390386,-15.22298598,-71.76511926,0
2018 Padres,201.0528293,-19.54827928,-35.87855043,0
2018 Orioles,303.4202113,-85.53177317,-55.83783412,0
2018 Nationals,-74.23381545,-23.52186597,-78.24461593,0
2018 Mets,56.08207983,-39.1049534,-105.8488181,0
2018 Marlins,273.3257395,-41.95276654,-93.48705207,0
2018 Mariners,40.8364185,-64.65604474,-55.50337123,0
2018 Indians,-163.3289454,-12.20070824,-94.46263614,0
2018 Giants,157.8130482,15.29557466,-61.01715041,0
2018 Dodgers,-213.3635772,-52.2277958,-80.79038695,0
2018 Diamondbacks,0.758019606,33.41176576,-69.5964928,0
2018 Cubs,-94.26535733,-0.531425093,-60.2396963,0
2018 Cardinals,-55.57055579,-33.42232594,-91.34728189,0
2018 Brewers,-77.1659163,-10.86880782,-56.50009067,0
2018 Braves,-75.90080959,3.048237995,-81.68602984,0
2018 Blue Jays,127.8056134,-97.77795201,-58.12091836,0
2018 Athletics,-152.5242543,-57.73036853,-53.92190537,0
2018 Astros,-256.636084,18.25222272,-62.21232615,0
2018 Angels,9.834983195,-54.84409983,-63.39369866,0
2017 Yankees,-206.3101208,-27.94818594,-51.3811273,0
2017 White Sox,127.3445068,-81.16530956,-53.96057673,0
2017 Twins,-35.57087796,-81.94697185,-64.88156043,0
2017 Tigers,166.5307144,-106.0582167,-84.53356484,0
2017 Royals,119.037385,-39.34226654,-56.01990153,0
2017 Rockies,0.522083265,70.70296212,-63.85324853,0
2017 Reds,133.8604984,-75.38984639,-57.16095188,0
2017 Red Sox,-64.3385166,63.31004928,-50.83073527,0
2017 Rays,15.90516877,-57.72168612,-57.32574691,0
2017 Rangers,57.35782329,-4.340631261,-70.08376815,0
2017 Pirates,123.474328,23.58230041,-61.50542876,0
2017 Phillies,142.9561616,-3.753708358,-58.00389999,0
2017 Padres,260.6779669,-39.92838787,-64.40856294,0
2017 Orioles,119.567541,-60.68902166,-43.13690871,0
2017 Nationals,-122.0797429,14.41120729,-82.7936722,0
2017 Mets,125.0472031,-116.7549031,-69.55701291,0
2017 Marlins,42.46234059,-91.85495535,-59.32054642,0
2017 Mariners,24.51065799,-74.9156409,-57.34469859,0
2017 Indians,-240.8517129,31.65551317,-51.7857696,0
2017 Giants,195.1678746,-3.439879687,-66.5954989,0
2017 Dodgers,-182.2271892,-0.077782254,-64.62699064,0
2017 Diamondbacks,-113.8616157,46.02096747,-71.12417099,0
2017 Cubs,-107.2727717,-0.790385438,-65.97622165,0
2017 Cardinals,-46.28410057,-36.63991676,-62.25565019,0
2017 Brewers,1.276262308,7.326929313,-63.41309204,0
2017 Braves,126.7450078,-28.30371434,-67.38684675,0
2017 Blue Jays,123.0854471,-34.10983325,-56.81870322,0
2017 Athletics,75.83426347,-116.3416576,-65.64312128,0
2017 Astros,-246.4792243,-110.9402251,-72.74735065,1
2017 Angels,37.88388031,0.455086363,-54.93069738,0
2016 Yankees,51.18015602,-19.81400705,-50.9258407,0
2016 White Sox,46.42961274,-44.76445189,-55.34464517,0
2016 Twins,169.7184349,-113.0166067,-54.766241,0
2016 Tigers,-30.77085803,-65.79274709,-64.36870513,0
2016 Royals,81.53280051,0.999961981,-44.01573549,0
2016 Rockies,43.34202322,-24.63049353,-75.963593,0
2016 Reds,175.9154518,-48.83748016,-83.95324046,0
2016 Red Sox,-208.7868747,-64.24660507,-55.880216,0
2016 Rays,50.44833991,-64.8574983,-69.26033877,0
2016 Rangers,19.37573893,-19.5518357,-67.61475278,0
2016 Pirates,46.76038149,-47.13686019,-51.77809931,0
2016 Phillies,239.853606,-25.09028378,-83.29001721,0
2016 Padres,128.7770014,-16.41777736,-63.50089803,0
2016 Orioles,-28.70288359,-60.61146642,-42.85149987,0
2016 Nationals,-117.4204022,35.2548749,-63.59528561,0
2016 Mets,-31.89273418,-11.30557969,-64.20221345,0
2016 Marlins,50.74023017,-33.91876222,-56.57871167,0
2016 Mariners,-67.26164428,-66.6940881,-55.63718178,0
2016 Indians,-88.81628616,-16.35164498,-53.47324984,0
2016 Giants,-49.82675169,15.10908404,-69.79914484,0
2016 Dodgers,-59.56492162,5.223743664,-59.32612671,0
2016 Diamondbacks,150.0185255,-89.72315988,-69.28834097,0
2016 Cubs,-245.1233541,12.92457048,-78.66213462,1
2016 Cardinals,-60.45695328,-41.0227944,-59.66031698,0
2016 Brewers,89.24129994,-34.72557766,-49.00065087,0
2016 Braves,177.0523163,-21.49402537,-49.48694065,0
2016 Blue Jays,-85.04081976,-29.58706192,-73.73943733,0
2016 Athletics,153.3742266,-19.87017405,-53.13144234,0
2016 Astros,-15.04139539,-46.84149955,-48.0254839,0
2016 Angels,30.7519218,-39.7907769,-59.15489888,0
2015 Yankees,-62.2195712,-46.02551336,-58.35525593,0
2015 White Sox,122.9478455,-8.464130118,-59.22596619,0
2015 Twins,51.61399376,13.02903862,-70.4672404,0
2015 Tigers,112.5980649,-106.2442848,-62.81367434,0
2015 Royals,-61.68064435,-7.286262153,-38.53640162,1
2015 Rockies,148.6771876,-28.80340679,-60.91838982,0
2015 Reds,134.2801069,-66.10152178,-59.02017768,0
2015 Red Sox,16.28439484,-55.31445066,-76.40249432,0
2015 Rays,13.74532134,-40.49742025,-77.11374475,0
2015 Rangers,-9.634482019,-52.57746962,-66.46839424,0
2015 Pirates,-74.24448059,12.3636824,-50.70890081,0
2015 Phillies,219.4262267,-58.03493247,-43.98241219,0
2015 Padres,111.0590435,-40.78707949,-68.93810403,0
2015 Orioles,1.964974561,-24.09647256,-41.22142784,0
2015 Nationals,-37.61515175,5.179343734,-66.18124622,0
2015 Mets,-50.6961397,-14.57476723,-70.13436182,0
2015 Marlins,98.44286362,-29.14992263,-56.86978048,0
2015 Mariners,80.15349214,-72.94445881,-68.79475746,0
2015 Indians,-11.24059802,-23.01704151,-47.97115921,0
2015 Giants,-65.04383921,-47.13839091,-58.52164818,0
2015 Dodgers,-70.23767913,-45.40911184,-78.49642842,0
2015 Diamondbacks,12.89486456,-32.9990001,-55.06642243,0
2015 Cubs,-57.53752508,0.875883083,-65.50244112,0
2015 Cardinals,-90.74062464,26.45434662,-60.40154864,0
2015 Brewers,123.5776838,-17.79383013,-43.57045228,0
2015 Braves,230.552415,-47.32556562,-80.88592275,0
2015 Blue Jays,-252.6527834,-71.20989849,-61.08613402,0
2015 Athletics,56.84718917,-45.21211023,-88.08514449,0
2015 Astros,-123.3643254,-59.26581051,-55.50831783,0
2015 Angels,38.46603986,-30.6360965,-62.33851515,0
2014 Yankees,53.19805059,-34.53778814,-62.31807404,0
2014 White Sox,106.6484375,-85.19984753,-76.86928563,0
2014 Twins,52.60812051,-108.877046,-51.59078847,0
2014 Tigers,-73.16054283,-97.42998771,-82.78666132,0
2014 Royals,6.646399295,2.22537772,-55.37457252,0
2014 Rockies,80.8453244,-61.82365753,-72.18071326,0
2014 Reds,80.19449648,36.06616232,-85.87479824,0
2014 Red Sox,118.8286857,-20.39458738,-45.04384501,0
2014 Rays,28.54376783,-43.23864281,-70.67220173,0
2014 Rangers,161.3551822,-63.75340582,-54.75475606,0
2014 Pirates,-67.374987,-86.93456774,-62.35551208,0
2014 Phillies,110.4205756,-12.61983593,-61.06227169,0
2014 Padres,106.8373276,40.85650968,-46.58254545,0
2014 Orioles,-102.4427815,-20.36907637,-53.66063991,0
2014 Nationals,-112.7719022,4.026269744,-62.36765038,0
2014 Mets,25.93695811,-1.943186244,-64.73645352,0
2014 Marlins,54.42197382,-32.6553973,-53.24690479,0
2014 Mariners,-44.72667962,19.33093386,-46.50936134,0
2014 Indians,-5.882553327,-41.93804534,-54.01463167,0
2014 Giants,-34.19398466,-27.90359484,-57.41830697,1
2014 Dodgers,-121.1190217,-81.16716048,-83.23257035,0
2014 Diamondbacks,175.1186995,-18.57400411,-59.73477271,0
2014 Cubs,119.3064893,-46.84217215,-57.28987431,0
2014 Cardinals,17.81659924,-5.551176308,-73.10291837,0
2014 Brewers,41.3301743,-9.572316204,-64.80895982,0
2014 Braves,76.90012493,22.34888559,-61.89062599,0
2014 Blue Jays,-46.0326282,-80.13674975,-74.53588752,0
2014 Athletics,-143.4042791,-3.167197242,-59.89168031,0
2014 Astros,96.33942688,-96.2704987,-90.21259465,0
2014 Angels,-150.7840017,-48.78000688,-68.62740289,0
2013 Yankees,69.85962269,14.6578774,-61.76781611,0
2013 White Sox,175.7849582,-9.006386276,-61.96008826,0
2013 Twins,193.4533487,-81.34520318,-33.30870798,0
2013 Tigers,-184.9095335,-45.69708094,-80.24945095,0
2013 Royals,-6.947574346,22.27286126,-36.8622537,0
2013 Rockies,91.02248486,-16.55148434,-60.89244899,0
2013 Reds,-72.31736036,25.95463526,-68.19425267,0
2013 Red Sox,-223.1092951,-65.13269444,-64.58938144,1
2013 Rays,-64.85310581,-73.16686327,-58.69389733,0
2013 Rangers,-65.75462657,12.46066605,-45.19952627,0
2013 Pirates,-42.05570832,-23.1596203,-53.18319049,0
2013 Phillies,172.0105599,-52.40480232,-71.08322538,0
2013 Padres,97.93534616,-66.47515497,-53.19246006,0
2013 Orioles,-31.485402,-54.19491629,-48.80405942,0
2013 Nationals,-1.291326556,-9.51115011,-68.00929511,0
2013 Mets,90.09720536,-44.66816465,-80.09208743,0
2013 Marlins,213.2843224,40.90595735,-55.51712667,0
2013 Mariners,143.331147,-83.21904995,-74.15025017,0
2013 Indians,-84.59910402,-50.2402568,-64.83714304,0
2013 Giants,63.66280093,-87.84952792,-51.9290567,0
2013 Dodgers,-59.57606803,-35.6507227,-73.0970767,0
2013 Diamondbacks,50.39136203,-1.318756326,-59.70805908,0
2013 Cubs,123.760098,-30.96690521,-76.90899467,0
2013 Cardinals,-166.0651379,14.9837909,-72.50748089,0
2013 Brewers,80.87697333,-20.21467513,-50.01780528,0
2013 Braves,-118.5055166,10.80793063,-45.59881232,0
2013 Blue Jays,48.18417873,-75.04656719,-41.25897197,0
2013 Athletics,-149.161341,-44.69252584,-55.7908431,0
2013 Astros,275.1267303,-74.23283776,-82.97991883,0
2013 Angels,-14.19108171,-110.1072621,-67.73066401,0
2012 Yankees,-160.6701817,-74.67700504,-52.56668774,0
2012 White Sox,-46.47558682,-5.054983609,-64.27901276,0
2012 Twins,139.7570916,-93.3783997,-40.5409907,0
2012 Tigers,-49.84689739,-39.13692671,-66.43382902,0
2012 Royals,94.1212352,-43.73008816,-32.62157495,0
2012 Rockies,161.817182,-56.6437781,-47.67787831,0
2012 Reds,-47.53451878,20.14544234,-43.29573164,0
2012 Red Sox,89.73227683,-60.1928079,-47.50814665,0
2012 Rays,-99.03384193,7.744054673,-51.67513674,0
2012 Rangers,-101.1511364,-39.78631816,-51.03810305,0
2012 Pirates,62.10700055,-7.167158043,-54.67878742,0
2012 Phillies,24.23183128,-16.96197424,-71.63686759,0
2012 Padres,64.33167523,-78.54844479,-45.13808188,0
2012 Orioles,22.45622083,-10.76456433,-38.16748644,0
2012 Nationals,-115.610545,8.223031613,-67.37569008,0
2012 Mets,85.21636877,-43.90610246,-89.75108676,0
2012 Marlins,155.6967842,-28.50541207,-68.10151448,0
2012 Mariners,80.05626556,9.011285603,-57.91879388,0
2012 Indians,183.4665811,-110.4907589,-42.76446403,0
2012 Giants,-63.99607009,-44.56014201,-68.00119762,1
2012 Dodgers,12.31254265,38.59550753,-64.69080695,0
2012 Diamondbacks,-18.23716862,-5.649583388,-50.30612477,0
2012 Cubs,206.0069559,-7.253374193,-79.45716778,0
2012 Cardinals,-117.8612632,-41.91692576,-80.27973105,0
2012 Brewers,-43.73027091,-62.93454643,-84.02947126,0
2012 Braves,-57.43746372,37.58364556,-45.89995044,0
2012 Blue Jays,96.00371265,-42.29891082,-61.36922686,0
2012 Athletics,-80.05415903,-5.746660917,-51.8669512,0
2012 Astros,265.5707228,-31.48810956,-66.06623422,0
2012 Angels,-105.7721068,-123.3988834,-67.80919653,0
2011 Yankees,-227.4059134,-43.11480768,-51.96203801,0
2011 White Sox,91.96208109,-6.166941339,-58.26895661,0
2011 Twins,237.4284431,-28.31407523,-72.04087553,0
2011 Tigers,-83.0898761,-62.48661107,-66.01567036,0
2011 Royals,33.86854566,-77.02603316,-52.21945422,0
2011 Rockies,87.87341773,6.985300974,-54.81440023,0
2011 Reds,-6.380691444,-55.18723556,-55.93569106,0
2011 Red Sox,-170.0503319,-92.37506639,-50.41042557,0
2011 Rays,-91.56695034,-43.19387435,-74.20761443,0
2011 Rangers,-201.6415642,-65.03133811,-80.16392526,0
2011 Pirates,149.761596,-15.78790087,-61.39300026,0
2011 Phillies,-139.8854326,61.39892472,-86.67315208,0
2011 Padres,61.91500641,5.273549934,-57.92708531,0
2011 Orioles,161.693996,-97.10524584,-49.42476963,0
2011 Nationals,60.09616239,1.948669669,-55.54100983,0
2011 Mets,18.81182329,-93.10746173,-76.14686559,0
2011 Marlins,103.1917339,-41.5533495,-52.94751089,0
2011 Mariners,173.7105468,-1.229868839,-61.32495424,0
2011 Indians,62.1106481,-75.32943696,-53.81486448,0
2011 Giants,56.17324093,21.77703377,-59.05042493,0
2011 Dodgers,-7.772505209,-18.53400708,-77.68305817,0
2011 Diamondbacks,-45.92234903,-10.63913657,-66.72414432,0
2011 Cubs,137.1172087,-35.45171602,-48.9695583,0
2011 Cardinals,-88.85931902,-88.2776,-71.98501841,1
2011 Brewers,-76.53901551,-32.50495098,-55.55985643,0
2011 Braves,10.13098633,26.51249754,-52.05468382,0
2011 Blue Jays,30.15134978,-54.43677008,-56.49216938,0
2011 Athletics,78.12942031,3.175540387,-66.84608966,0
2011 Astros,212.1496681,-68.4260898,-75.11327947,0
2011 Angels,-16.07282503,-26.11023979,-69.47188389,0
2010 Yankees,-187.8356192,-66.40184218,-55.58779654,0
2010 White Sox,-31.31465366,-22.87184293,-55.68814207,0
2010 Twins,-104.0358196,-29.21463133,-60.11468315,0
2010 Tigers,-11.24456048,-73.3399635,-60.54113902,0
2010 Royals,178.3934245,-102.869467,-58.6474885,0
2010 Rockies,-8.841385599,27.12177972,-64.73951126,0
2010 Reds,-112.7466841,-57.70145057,-67.64732396,0
2010 Red Sox,-86.65768294,-74.29003313,-77.05875368,0
2010 Rays,-165.3298793,-52.36123059,-56.26326173,0
2010 Rangers,-77.31899916,0.810531302,-53.57386126,0
2010 Pirates,314.296829,-87.99629074,-57.45682506,0
2010 Phillies,-110.1672455,2.05269403,-79.29892498,0
2010 Padres,-42.35324221,30.6581181,-45.11109312,0
2010 Orioles,213.7531458,-40.30780787,-61.22360117,0
2010 Nationals,125.4638862,-22.43956256,-44.16134421,0
2010 Mets,39.34841061,9.419962229,-65.83628695,0
2010 Marlins,24.97068409,-22.53189559,-71.90895108,0
2010 Mariners,243.8134888,-12.3094408,-76.66371566,0
2010 Indians,121.3937127,-71.26135602,-55.84274078,0
2010 Giants,-77.92906152,28.18062276,-56.52346425,1
2010 Dodgers,60.63191832,-14.76752505,-73.62725646,0
2010 Diamondbacks,148.8047181,-65.86546737,-100.5761542,0
2010 Cubs,120.7173407,-23.73660083,-82.03604038,0
2010 Cardinals,-72.55312278,-4.611131971,-78.19062934,0
2010 Brewers,39.61390997,-113.7113808,-63.82090541,0
2010 Braves,-87.69752461,1.208887638,-51.75352306,0
2010 Blue Jays,-28.28387024,-65.48585145,-67.90756474,0
2010 Athletics,-15.09677682,-18.58646021,-73.94995225,0
2010 Astros,189.1716379,26.2197728,-82.04164996,0
2010 Angels,53.4093534,-18.79190215,-69.98381825,0
2009 Yankees,-202.638205,-98.73202417,-58.29564219,1
2009 White Sox,55.52822126,18.56263861,-60.47272603,0
2009 Twins,-58.15886147,-69.35511638,-56.12878081,0
2009 Tigers,33.59157819,-13.73630176,-71.41920507,0
2009 Royals,200.0612698,-33.45884435,-75.92755989,0
2009 Rockies,-56.0002751,14.39443687,-74.96681545,0
2009 Reds,109.3754836,25.25247391,-50.32440989,0
2009 Red Sox,-131.9354644,-26.18820572,-58.86178842,0
2009 Rays,-79.89084969,-112.8407916,-62.05427057,0
2009 Rangers,-6.814820257,10.65388967,-55.8766933,0
2009 Pirates,180.3246956,-22.33695434,-75.858577,0
2009 Phillies,-110.2341584,-41.94486178,-66.10116337,0
2009 Padres,156.4363618,-61.75215211,-49.33546136,0
2009 Orioles,164.0039335,-57.86108253,-59.38276933,0
2009 Nationals,172.5827232,-105.607122,-76.26040911,0
2009 Mets,107.9233519,-56.60732927,-56.15704629,0
2009 Marlins,11.20293839,-38.20895396,-59.53797005,0
2009 Mariners,94.78783589,-1.813069803,-63.63443107,0
2009 Indians,90.16870885,-102.970505,-63.4841995,0
2009 Giants,25.04297216,73.91573857,-67.76889575,0
2009 Dodgers,-151.2632221,10.65315323,-60.75100654,0
2009 Diamondbacks,99.03185485,-18.72345189,-69.73031827,0
2009 Cubs,20.84516141,41.68652141,-78.63507591,0
2009 Cardinals,-70.9962728,-9.811081727,-74.33100015,0
2009 Brewers,33.20160622,-86.22566934,-50.35230857,0
2009 Braves,-54.42544651,30.8062344,-69.67070017,0
2009 Blue Jays,-26.7460628,-61.51898799,-58.76418524,0
2009 Athletics,28.32343093,-21.06154823,-41.23646024,0
2009 Astros,168.3162738,-30.78460506,-62.21177235,0
2009 Angels,-135.9100644,-67.00705093,-71.906145,0
2008 Yankees,-58.76958788,-46.40427832,-55.13459973,0
2008 White Sox,-56.2013785,1.247230514,-66.78794757,0
2008 Twins,-67.45454828,-20.57878552,-66.29852293,0
2008 Tigers,20.59114209,-113.6145588,-66.82198566,0
2008 Royals,140.5832726,-1.697566414,-65.35575696,0
2008 Rockies,113.378258,-18.74806662,-50.99015628,0
2008 Reds,142.9597928,-9.852235822,-48.7933278,0
2008 Red Sox,-160.9705869,-46.62225334,-66.83713893,0
2008 Rays,-105.0418195,-43.64263157,-60.25846805,0
2008 Rangers,14.1963656,-187.6154313,-62.56917044,0
2008 Pirates,184.7684688,-53.46843039,-66.00205438,0
2008 Phillies,-100.3919413,-1.282287048,-48.90032492,1
2008 Padres,151.1932997,-62.9243979,-70.32201831,0
2008 Orioles,94.12801205,-87.3225347,-57.61184466,0
2008 Nationals,241.0934789,-16.84898692,-54.22408667,0
2008 Mets,-72.11220802,-29.17017081,-78.61823276,0
2008 Marlins,19.51546167,-31.15387402,-62.80216164,0
2008 Mariners,174.0818524,-49.41900574,-55.67049586,0
2008 Indians,-41.8294668,-60.37264515,-89.79683903,0
2008 Giants,186.1264392,19.12442668,-77.95295813,0
2008 Dodgers,-14.07371444,18.73951722,-55.21889251,0
2008 Diamondbacks,36.47733871,29.69463405,-70.35926651,0
2008 Cubs,-170.1849885,4.355111405,-74.65619666,0
2008 Cardinals,-62.54352961,-73.69221466,-73.41720012,0
2008 Brewers,-40.64614075,-15.90799915,-71.45993151,0
2008 Braves,35.92597718,-58.81841515,-62.98568816,0
2008 Blue Jays,-56.02532131,52.13168361,-54.35050809,0
2008 Athletics,91.03095607,6.919111873,-52.41652308,0
2008 Astros,59.56177256,-28.65518892,-64.18203364,0
2008 Angels,-36.87906951,5.703020657,-60.53129418,0
2007 Yankees,-241.6234285,-115.7187822,-71.17726993,0
2007 White Sox,198.7208521,-14.21245011,-83.01022211,0
2007 Twins,47.10364046,2.501390039,-61.96814756,0
2007 Tigers,-107.6446921,-81.00417993,-64.71508521,0
2007 Royals,129.8153227,17.28702564,-50.65190958,0
2007 Rockies,-72.89178699,11.28861334,-56.47958607,0
2007 Reds,98.96377411,-39.89253132,-78.46729811,0
2007 Red Sox,-212.334952,-14.88571335,-51.94769102,1
2007 Rangers,49.31132938,-40.16131856,-40.10489386,0
2007 Pirates,162.2517613,-34.1692464,-72.41708504,0
2007 Phillies,-85.26652996,-81.33749098,-67.52804135,0
2007 Padres,-43.90463278,9.639305897,-50.93367452,0
2007 Orioles,129.7983804,-73.28015579,-86.13871864,0
2007 Nationals,158.630921,-15.02960834,-44.41522806,0
2007 Mets,-48.38874377,-45.96263054,-61.32056049,0
2007 Marlins,92.53803735,-114.4179047,-41.63720636,0
2007 Mariners,19.95552454,-75.69425659,-50.26080161,0
2007 Indians,-102.1461039,-30.55998977,-57.62234183,0
2007 Giants,117.8842195,67.19566895,-69.60313485,0
2007 Dodgers,17.08142809,-19.63070593,-54.05311244,0
2007 Diamondbacks,89.94573161,55.51360404,-60.28041582,0
2007 Devil Rays,137.8749745,-164.9128825,-92.68541993,0
2007 Cubs,-5.051907572,52.57505767,-58.84676764,0
2007 Cardinals,129.2151172,-52.89936411,-49.37068239,0
2007 Brewers,-18.05363684,-50.41575563,-61.25138795,0
2007 Braves,-54.75136156,-7.987908654,-53.58406581,0
2007 Blue Jays,-17.72870806,14.3832419,-51.52094409,0
2007 Athletics,27.90160001,-52.6598902,-65.7002876,0
2007 Astros,130.4016733,-24.09035896,-69.06814608,0
2007 Angels,-74.65192359,-16.00509712,-70.76069252,0
2006 Yankees,-192.550247,-83.25622428,-67.52740714,0
2006 White Sox,-63.76670311,-33.2058959,-71.97352353,0
2006 Twins,-100.18716,-0.899759924,-35.39565976,0
2006 Tigers,-116.1162256,27.08549544,-63.10397693,0
2006 Royals,229.2672813,-107.4462445,-66.17488572,0
2006 Rockies,61.30505968,43.95884706,-68.44378966,0
2006 Reds,71.70187365,-47.32435596,-68.68081197,0
2006 Red Sox,19.19804766,-47.01682228,-60.16510766,0
2006 Rangers,-21.77410909,-3.288297772,-48.01509441,0
2006 Pirates,157.6462804,-4.032884621,-52.28969724,0
2006 Phillies,-46.15042341,-44.15476459,-50.0665604,0
2006 Padres,-36.61660462,-25.74886729,-54.28269719,0
2006 Orioles,141.9005576,-90.91159197,-76.0290458,0
2006 Nationals,133.3517229,-96.16644291,-59.0151179,0
2006 Mets,-89.9570134,-17.77596628,-41.85956415,0
2006 Marlins,29.71584088,-47.25349933,-78.36635973,0
2006 Mariners,57.71325215,-40.8851114,-54.65781951,0
2006 Indians,-99.50111774,-70.03745825,-77.54206048,0
2006 Giants,103.7703323,23.40971617,-76.78624837,0
2006 Dodgers,-54.50438325,-24.92924739,-65.83785573,0
2006 Diamondbacks,75.67043142,37.46852002,-66.56319938,0
2006 Devil Rays,197.1138382,-62.67568012,-71.04234151,0
2006 Cubs,174.471321,1.59247157,-49.61160183,0
2006 Cardinals,-1.689778428,-37.18275913,-59.66546782,1
2006 Brewers,141.7349075,-29.00313475,-80.45406999,0
2006 Braves,-23.69732453,-26.00359792,-70.60592496,0
2006 Blue Jays,-63.08880146,-67.42584378,-53.85819637,0
2006 Athletics,-12.50542754,0.562155348,-51.07806122,0
2006 Astros,33.26555326,26.70696936,-65.55574617,0
2006 Angels,-9.660334954,-11.30862102,-58.21737714,0
2005 Yankees,-133.9774686,-115.917461,-68.00394005,0
2005 White Sox,-57.50292327,32.40192408,-56.10603889,1
2005 Twins,31.10473231,45.52583185,-55.15797344,0
2005 Tigers,66.37668537,-82.54653248,-53.55620387,0
2005 Royals,260.7508039,-90.01505392,-51.41398307,0
2005 Rockies,178.9995721,-1.017081228,-65.00302068,0
2005 Reds,53.01116689,-125.2938043,-63.27974949,0
2005 Red Sox,-128.5606659,-91.47427198,-83.3932967,0
2005 Rangers,-21.28326736,-97.69426867,-66.61008181,0
2005 Pirates,131.4668593,-19.9438616,-59.81485992,0
2005 Phillies,-62.14500958,-15.81109826,-72.392317,0
2005 Padres,54.24903863,-58.1540597,-47.4005661,0
2005 Orioles,70.15207114,-89.53540482,-55.81038795,0
2005 Nationals,92.6398971,28.53551543,-62.0225375,0
2005 Mets,-40.89659936,9.826723169,-73.10951224,0
2005 Marlins,32.76752743,-43.58322497,-91.92399181,0
2005 Mariners,86.94610597,-23.22065182,-50.79287948,0
2005 Indians,-162.0756247,-48.97764624,-44.54468254,0
2005 Giants,152.3188523,5.394180468,-60.68483697,0
2005 Dodgers,115.8505759,-8.679338234,-72.24563636,0
2005 Diamondbacks,183.8714748,-71.49716821,-83.29610844,0
2005 Devil Rays,165.4542162,-163.2607202,-63.49245874,0
2005 Cubs,40.34026766,-18.97352926,-72.92667219,0
2005 Cardinals,-149.2562621,16.62643653,-64.47202673,0
2005 Brewers,3.859763246,-1.488820966,-67.36640061,0
2005 Braves,-73.82339431,-10.30127417,-92.18742544,0
2005 Blue Jays,-37.43969994,8.040736399,-66.729308,0
2005 Athletics,-94.99071071,-1.971907603,-59.19910988,0
2005 Astros,-28.84599345,56.36498304,-72.01954399,0
2005 Angels,-81.57823556,30.20588727,-64.92579258,0
2004 Yankees,-115.8313723,-96.79738667,-61.40239994,0
2004 White Sox,-25.37326799,-47.40350895,-58.90119609,0
2004 Twins,-39.20251039,-0.966617351,-59.65555506,0
2004 Tigers,-0.530769842,-110.5583059,-74.14926062,0
2004 Royals,245.4325973,-9.40636612,-52.31918748,0
2004 Rockies,120.4118547,-46.57359141,-75.25973056,0
2004 Reds,185.0290811,-68.26139078,-75.27702722,0
2004 Red Sox,-199.5766593,-53.70968842,-63.31562797,1
2004 Rangers,-37.50919074,1.305723715,-40.27579255,0
2004 Pirates,127.0968142,28.53987224,-52.40617501,0
2004 Phillies,-46.76243772,-33.87059489,-49.87170719,0
2004 Padres,-62.33213655,-54.01992145,-64.61904935,0
2004 Orioles,-18.46751286,-78.2118926,-52.25831893,0
2004 Mets,99.33578433,12.39592088,-59.19879565,0
2004 Marlins,17.41013143,-2.908906626,-75.83592513,0
2004 Mariners,149.7801716,-59.57814355,-62.88184379,0
2004 Indians,-28.40561965,-122.4413941,-70.96729504,0
2004 Giants,-78.44407236,-51.98552536,-87.47707385,0
2004 Expos,215.9700306,44.06139621,-60.55051272,0
2004 Dodgers,-51.1583785,-1.424508732,-40.91429174,0
2004 Diamondbacks,361.7454959,-3.938909301,-63.86225431,0
2004 Devil Rays,160.6086431,-44.29674937,-42.86054747,0
2004 Cubs,-89.05925884,27.97136815,-76.66517977,0
2004 Cardinals,-200.6546348,-23.86970233,-46.5953533,0
2004 Brewers,186.2986605,15.09511924,-71.02417945,0
2004 Braves,-118.0542672,-0.950587793,-63.34361564,0
2004 Blue Jays,151.7609677,-12.24354377,-72.31135653,0
2004 Athletics,-43.01516309,-38.65126255,-63.6855701,0
2004 Astros,-82.37972427,1.455823539,-73.23284277,0
2004 Angels,-94.04435644,-26.33786899,-43.91444575,0
2003 Yankees,-193.1230854,-81.57285377,-68.41475966,0
2003 White Sox,-61.51673633,-19.48353595,-64.2170962,0
2003 Twins,-40.37270463,-51.61271461,-52.38340461,0
2003 Tigers,384.611575,-76.20014644,-53.66692313,0
2003 Royals,51.74677237,-46.38070841,-81.75793754,0
2003 Rockies,81.20047742,-8.325252796,-60.42673724,0
2003 Reds,236.416449,-44.26164341,-42.68829573,0
2003 Red Sox,-207.694226,-130.5579864,-75.30296417,0
2003 Rangers,135.0168878,-125.7194863,-44.68710325,0
2003 Pirates,62.70612479,-60.76755905,-77.16360037,0
2003 Phillies,-75.82775014,-12.92947554,-65.51220209,0
2003 Padres,162.6517955,-101.3024867,-69.69416809,0
2003 Orioles,94.99771327,-60.25874576,-64.67880833,0
2003 Mets,184.5305202,26.13333691,-69.87084119,0
2003 Marlins,-40.06097658,-20.70819019,-80.08334564,1
2003 Mariners,-149.930535,-10.77122636,-54.16761741,0
2003 Indians,117.2608841,-17.89049459,-55.18261824,0
2003 Giants,-89.95085071,11.27088408,-60.26809087,0
2003 Expos,73.97600309,52.86230541,-84.52445334,0
2003 Dodgers,76.53420832,118.456469,-38.80519282,0
2003 Diamondbacks,37.58439099,70.52739722,-61.75496881,0
2003 Devil Rays,160.8423331,-66.18275156,-47.659313,0
2003 Cubs,12.1299277,40.12600512,-77.24026474,0
2003 Cardinals,-101.6052866,-97.73187642,-84.57101176,0
2003 Brewers,189.0842469,-63.05467203,-51.87025953,0
2003 Braves,-190.756215,-70.0951817,-66.87647562,0
2003 Blue Jays,-78.7541213,-74.08720717,-74.90773423,0
2003 Athletics,-85.17310626,39.391045,-71.45314112,0
2003 Astros,-97.63883456,20.66930163,-52.88230949,0
2003 Angels,29.26699672,-28.26900841,-33.24010108,0
2002 Yankees,-229.0880463,-65.11457579,-60.13192631,0
2002 White Sox,-62.97869122,-63.44343795,-49.58275689,0
2002 Twins,-43.24165047,-28.22654246,-53.3621059,0
2002 Tigers,332.8398261,-67.87927291,-68.18398185,0
2002 Royals,195.9928765,-39.12163625,-72.90965702,0
2002 Rockies,181.9853317,6.001081535,-68.47077045,0
2002 Reds,101.2337574,-21.29506015,-47.29400123,0
2002 Red Sox,-190.1518157,-9.076961618,-81.1083991,0
2002 Rangers,30.45598098,-100.0062673,-67.98911141,0
2002 Pirates,142.904035,2.297331335,-55.64461922,0
2002 Phillies,16.9007103,-68.86886685,-62.26759939,0
2002 Padres,184.0522191,-61.44700787,-65.1841977,0
2002 Orioles,138.4388074,-37.40699233,-42.61717167,0
2002 Mets,54.85458603,3.157933916,-50.02852122,0
2002 Marlins,72.24065789,-75.4314597,-67.62705458,0
2002 Mariners,-136.5993417,-77.18333918,-53.84183807,0
2002 Indians,121.0405451,-56.95945743,-74.94745659,0
2002 Giants,-177.533603,-38.9017218,-47.48266364,0
2002 Expos,21.36347313,5.4555582,-65.05647634,0
2002 Dodgers,-36.25233466,8.731596451,-67.74750294,0
2002 Diamondbacks,-108.5073686,32.30264775,-92.21656518,0
2002 Devil Rays,271.1590252,-93.66808658,-72.98401539,0
2002 Cubs,83.51591417,-30.93957367,-91.82872731,0
2002 Cardinals,-123.6295168,-5.333322163,-54.91033374,0
2002 Brewers,243.9052709,-35.34097876,-50.2366743,0
2002 Braves,-91.46729726,68.4945533,-48.66468689,0
2002 Blue Jays,29.42223883,-50.55529435,-65.12281152,0
2002 Athletics,-150.3054618,-34.31015632,-66.63525114,0
2002 Astros,-14.58135911,16.76663201,-64.64261704,0
2002 Angels,-199.5725293,1.790644945,-50.73201638,1
2001 Yankees,-90.26517349,-39.22812002,-47.38416787,0
2001 White Sox,-8.603876533,-78.92383301,-57.89230221,0
2001 Twins,5.777067118,-49.57006951,-69.339054,0
2001 Tigers,164.7182529,-91.9002172,-63.16707783,0
2001 Royals,187.310516,1.268711069,-61.5315688,0
2001 Rockies,13.15781564,-13.57023895,-67.07096925,0
2001 Reds,158.69548,-22.38463761,-38.63548154,0
2001 Red Sox,-14.21920585,-36.4654296,-68.57080666,0
2001 Rangers,43.47758363,-160.9634919,-63.4472023,0
2001 Pirates,267.6681353,-6.268534481,-58.66878504,0
2001 Phillies,9.379595646,2.673790718,-61.91070207,0
2001 Padres,37.78605554,-55.84395953,-64.91915233,0
2001 Orioles,178.2437921,-44.17313341,-64.08566096,0
2001 Mets,126.2275091,13.35720076,-69.41386787,0
2001 Marlins,28.9071706,-24.24796984,-68.24125614,0
2001 Mariners,-327.9617673,-37.95433261,-54.25992574,0
2001 Indians,-103.511159,-98.66677622,-41.13432617,0
2001 Giants,-67.31944525,-85.19873036,-60.32128711,0
2001 Expos,217.6779699,29.099567,-67.65593565,0
2001 Dodgers,8.398501442,-30.40955331,-86.0812658,0
2001 Diamondbacks,-101.2827554,40.88086727,-74.19841343,1
2001 Devil Rays,248.7330069,-66.61581226,-55.74995023,0
2001 Cubs,-48.9947186,0.909378123,-66.89718304,0
2001 Cardinals,-111.6693455,-5.14746866,-76.84669807,0
2001 Brewers,108.4786845,-14.39526797,-53.08976258,0
2001 Braves,-25.09713802,66.58418712,-72.60452457,0
2001 Blue Jays,14.16922462,-12.54999448,-60.83294861,0
2001 Athletics,-234.6788769,4.749992486,-60.76661226,0
2001 Astros,-59.73175596,-16.9663873,-54.93195345,0
2001 Angels,68.97466576,-21.29434485,-47.53856385,0
2000 Yankees,-60.18017438,-60.44402717,-60.84646969,1
2000 White Sox,-142.9765353,-40.46118536,-58.17332376,0
2000 Twins,183.6459276,-9.654690314,-48.40446416,0
2000 Tigers,10.61946492,-56.38047639,-53.00330968,0
2000 Royals,93.83260288,-11.03824098,-76.40656619,0
2000 Rockies,21.27926051,114.2195495,-64.0198511,0
2000 Reds,-22.72399258,14.66597378,-58.95492517,0
2000 Red Sox,2.679451171,37.75397851,-56.79177764,0
2000 Rangers,137.2651178,-84.08564639,-65.65930734,0
2000 Pirates,132.4807627,-29.20229834,-70.42345356,0
2000 Phillies,183.5514516,4.683081775,-96.22146899,0
2000 Padres,101.9530281,-19.35532482,-63.41554277,0
2000 Orioles,122.767517,-98.87217218,-78.75611213,0
2000 Mets,-45.10437464,-8.51273169,-77.56031108,0
2000 Marlins,106.2256494,-15.42707329,-67.1866811,0
2000 Mariners,-135.5230381,-52.97882509,-70.98019389,0
2000 Indians,-153.874019,-69.46145251,-56.64143965,0
2000 Giants,-199.7339143,-62.88907254,-62.71168501,0
2000 Expos,209.8769001,-31.77872192,-66.98630702,0
2000 Dodgers,-50.90398052,-18.05933546,-60.01521732,0
2000 Diamondbacks,24.49055308,54.81833324,-70.61168963,0
2000 Devil Rays,172.5772829,18.74407646,-54.44454426,0
2000 Cubs,178.5777398,-43.36389746,-74.4944471,0
2000 Cardinals,-111.5511129,-34.46540993,-84.05293492,0
2000 Brewers,160.0042743,41.47121919,-50.47864715,0
2000 Braves,-61.10789713,21.33356043,-74.59680191,0
2000 Blue Jays,44.40789221,-86.56899129,-65.96639785,0
2000 Athletics,-148.9538017,-62.19449497,-63.3634141,0
2000 Astros,-6.83399729,-102.1255871,-69.93352106,0
2000 Angels,-12.42116628,-103.5687172,-45.51523499,0
1999 Yankees,-185.7401621,-51.48804555,-55.35949611,1
1999 White Sox,115.3921368,-52.31421619,-50.99078186,0
1999 Twins,235.5238246,27.88292757,-58.29489281,0
1999 Tigers,161.7916067,-55.26876899,-52.07841384,0
1999 Royals,85.34282528,-54.80128985,-85.22031581,0
1999 Rockies,188.5589537,12.74922511,-67.62067318,0
1999 Reds,-116.0257228,40.62854468,-55.45276092,0
1999 Red Sox,-101.5874274,-2.185181053,-65.1430891,0
1999 Rangers,-104.6863887,-79.93781003,-46.83143232,0
1999 Pirates,63.97512559,32.74057264,-62.61107597,0
1999 Phillies,27.23788721,-36.95701492,-71.00467064,0
1999 Padres,108.3901918,-22.87636481,-67.14268433,0
1999 Orioles,-51.58167307,-91.1652454,-75.242053,0
1999 Mets,-139.429025,-28.88483544,-55.13579212,0
1999 Marlins,216.4370219,-16.46274237,-75.74585653,0
1999 Mariners,27.58336985,-123.1838477,-88.96833055,0
1999 Indians,-179.0715393,-86.88290133,-64.3475559,0
1999 Giants,-41.84862957,-65.67269076,-58.64399762,0
1999 Expos,187.3243595,-8.361074458,-59.05280617,0
1999 Dodgers,14.21940165,-36.13385034,-76.22187116,0
1999 Diamondbacks,-192.9225586,62.84283377,-74.93024366,0
1999 Devil Rays,168.4386875,-55.39279355,-51.30763889,0
1999 Cubs,216.7551196,-41.64791074,-73.15766323,0
1999 Cardinals,65.84124517,-13.9324133,-71.10109961,0
1999 Brewers,85.77370194,-67.88924251,-68.83695013,0
1999 Braves,-129.4585721,71.74143233,-69.93263025,0
1999 Blue Jays,-29.04649149,-78.18610436,-59.45675507,0
1999 Athletics,-59.3594408,-79.32015187,-62.04346365,0
1999 Astros,-126.6770229,10.6590309,-69.46034969,0
1999 Angels,191.3309708,41.47851336,-50.22014908,0
1998 Yankees,-331.9334775,-29.84535314,-70.87154949,1
1998 White Sox,55.36807997,-120.7226728,-67.33253929,0
1998 Twins,150.1214193,27.25125038,-61.87813859,0
1998 Tigers,173.228788,-46.4155426,-52.30437296,0
1998 Royals,227.418978,-41.72481136,-59.79052759,0
1998 Rockies,85.84568955,29.76571467,-38.11979235,0
1998 Reds,48.23916733,-6.508071003,-72.03542648,0
1998 Red Sox,-149.0565463,-32.75262478,-59.45554401,0
1998 Rangers,-83.35104996,-76.90420038,-49.13255576,0
1998 Pirates,145.821999,57.34383774,-52.94281639,0
1998 Phillies,143.5604362,-10.78053349,-70.96029634,0
1998 Padres,-88.57242853,7.034634812,-66.71597218,0
1998 Orioles,-52.25884857,-99.49115448,-65.8990801,0
1998 Mets,-13.22041789,30.77528244,-75.59991806,0
1998 Marlins,293.2728338,-79.55092883,-64.82966141,0
1998 Mariners,-33.39521401,-124.5878503,-80.89954953,0
1998 Indians,-69.3875784,-46.84583691,-63.91293354,0
1998 Giants,-115.7202926,-62.01537372,-42.30660094,0
1998 Expos,195.3867476,-3.514763057,-55.56774342,0
1998 Dodgers,60.68949318,20.58522911,-74.44491872,0
1998 Diamondbacks,206.8566501,-4.009233056,-75.46375866,0
1998 Devil Rays,193.6060624,14.18547537,-50.12595528,0
1998 Cubs,-22.69364703,-35.09978453,-74.05641951,0
1998 Cardinals,-35.98450282,-78.90764966,-70.92270131,0
1998 Brewers,141.2315779,-34.46077835,-51.30979382,0
1998 Braves,-239.650767,8.745653778,-83.84777583,0
1998 Blue Jays,-44.90633303,-49.59269277,-73.50520846,0
1998 Athletics,85.73833836,-45.69104997,-62.17795136,0
1998 Astros,-270.3236194,-32.76294184,-67.78046025,0
1998 Angels,27.38773369,-10.95928648,-53.81054869,0
1997 Yankees,-214.1793598,-33.42642233,-53.91366777,0
1997 White Sox,55.22201961,-83.40580456,-58.74521834,0
1997 Twins,119.5766597,-39.28484559,-50.55040389,0
1997 Tigers,40.27011998,-11.32274991,-75.42750476,0
1997 Royals,103.7958923,-32.74660377,-65.25328435,0
1997 Rockies,16.12507951,-12.54094834,-59.71248503,0
1997 Reds,161.9991791,-11.41054556,-55.36524734,0
1997 Red Sox,-19.53746945,-117.9928619,-64.14528636,0
1997 Rangers,41.86555634,-24.8576714,-46.08084835,0
1997 Pirates,78.49051897,-2.749008555,-75.54072443,0
1997 Phillies,231.5298999,-13.4720262,-88.73076503,0
1997 Padres,88.11782809,-121.3777621,-74.36115732,0
1997 Orioles,-117.0450319,-6.071979126,-52.68302601,0
1997 Mets,-27.33560271,16.97851036,-78.80286598,0
1997 Marlins,-48.3976437,-11.57855914,-75.69584872,1
1997 Mariners,-138.0503141,-133.1100058,-86.60791966,0
1997 Indians,-91.03731764,-125.4328845,-59.14478103,0
1997 Giants,18.5732305,-61.05045334,-80.7456063,0
1997 Expos,89.20492031,-10.76978186,-82.61354138,0
1997 Dodgers,-76.69558202,-8.103367571,-65.66998825,0
1997 Cubs,139.2148937,28.77456002,-75.48865244,0
1997 Cardinals,68.86032589,19.19564398,-68.90150311,0
1997 Brewers,115.0887335,17.26602387,-51.24544629,0
1997 Braves,-181.8646136,41.43899542,-80.78534347,0
1997 Blue Jays,113.1509881,58.72695438,-60.82434292,0
1997 Athletics,165.6168122,-153.7976963,-52.63496752,0
1997 Astros,-97.91448191,-4.603365381,-70.60418249,0
1997 Angels,-18.99823379,-31.83346047,-43.32951778,0
1996 Yankees,-77.87309897,-33.67499709,-49.8490799,1
1996 White Sox,-110.6811731,-53.64533199,-62.68065209,0
1996 Twins,40.64075763,-47.06812624,-66.05890868,0
1996 Tigers,355.0896496,-97.68692709,-59.81119813,0
1996 Royals,114.9153393,58.26711675,-78.22896865,0
1996 Rockies,33.97222628,-20.93822269,-67.69953181,0
1996 Reds,15.12610359,-35.18950134,-64.37635146,0
1996 Red Sox,-13.14823014,-79.58484228,-71.38218919,0
1996 Rangers,-123.9394686,-24.15103657,-61.05958659,0
1996 Pirates,97.59021303,-17.11632824,-77.95590085,0
1996 Phillies,184.758829,-24.20949291,-52.17164592,0
1996 Padres,-70.53367098,-10.94465903,-56.57292032,0
1996 Orioles,-57.59929879,-80.623977,-59.23338868,0
1996 Mets,60.7818234,-29.32240656,-63.54804322,0
1996 Marlins,53.48135942,-3.381127101,-78.51799332,0
1996 Mariners,-132.1472523,-108.298952,-53.02105633,0
1996 Indians,-208.4601674,-62.19319654,-52.22491859,0
1996 Giants,139.1822905,-54.5236794,-82.19756608,0
1996 Expos,-27.18005632,33.89353815,-63.17017426,0
1996 Dodgers,-3.569521975,32.0096656,-63.22737587,0
1996 Cubs,55.82195478,29.96031081,-55.86551211,0
1996 Cardinals,-12.18901474,18.00866331,-55.82697296,0
1996 Brewers,25.37306865,-37.18869414,-70.79169773,0
1996 Braves,-97.55553846,19.5396997,-70.48021829,0
1996 Blue Jays,84.01131386,-2.65299247,-56.86055801,0
1996 Athletics,33.55358138,-93.21467738,-54.93262995,0
1996 Astros,48.12504963,-70.04524171,-91.7199046,0
1996 Angels,197.3579347,-85.34373509,-51.05340901,0
1995 Yankees,-64.22122774,-62.25111914,-72.25353307,0
1995 White Sox,-15.3790572,-108.6391272,-73.96354694,0
1995 Twins,185.7329336,-124.9170018,-58.1941713,0
1995 Tigers,217.2714769,-75.09159053,-63.36004957,0
1995 Royals,110.9832677,5.565587348,-66.50969832,0
1995 Rockies,38.79848327,4.589106611,-57.15939275,0
1995 Reds,-119.0431073,-29.74383166,-69.42214164,0
1995 Red Sox,-101.5470823,-56.14658277,-63.51995135,0
1995 Rangers,66.93474786,-7.804898918,-68.87383794,0
1995 Pirates,156.0400866,-13.9660994,-69.87064332,0
1995 Phillies,85.59966476,-4.753021865,-57.4320987,0
1995 Padres,28.53069262,-31.47985805,-84.79092598,0
1995 Orioles,-43.44215172,-15.15765817,-78.29989656,0
1995 Mets,-0.728871137,10.3384173,-58.36100072,0
1995 Marlins,24.26490742,-30.46856883,-78.22153578,0
1995 Mariners,-91.69105982,-52.20143586,-57.36403979,0
1995 Indians,-255.0388597,-41.61810848,-44.57414957,0
1995 Giants,140.6529117,-83.24053417,-91.34615814,0
1995 Expos,73.69792585,27.03136687,-77.47837495,0
1995 Dodgers,-7.922488078,-32.92125485,-85.06863598,0
1995 Cubs,2.301298567,-23.46159006,-79.72940637,0
1995 Cardinals,150.7784014,8.957649975,-24.83322453,0
1995 Brewers,45.33907725,-5.496905634,-64.15858868,0
1995 Braves,-54.04936374,54.31071203,-81.2337787,1
1995 Blue Jays,156.7130338,-65.19925215,-59.04518189,0
1995 Athletics,32.00434802,-79.28399866,-58.96887352,0
1995 Astros,-74.72204555,-56.24507537,-65.83485296,0
1995 Angels,-101.9085471,-36.78234882,-48.77191513,0
1994 Yankees,-161.3657687,-78.82786108,-61.65654086,0
1994 White Sox,-148.9626422,-56.21746207,-68.05297368,0
1994 Twins,103.423584,-84.71238389,-66.81648554,0
1994 Tigers,10.99070256,-95.59697129,-59.80235958,0
1994 Royals,-7.452136014,8.00434073,-64.49066918,0
1994 Rockies,107.5050294,-16.22283517,-70.11204895,0
1994 Reds,-116.5172554,-31.98522583,-60.47618791,0
1994 Red Sox,101.4824895,-29.93963531,-84.4966766,0
1994 Rangers,82.18472381,-99.0475337,-63.24499206,0
1994 Pirates,159.6649924,-24.29241407,-95.18309674,0
1994 Phillies,21.92037925,21.02640053,-55.20058987,0
1994 Padres,84.43184902,-22.59360682,-64.83248788,0
1994 Orioles,-83.78546999,-27.47620873,-53.24561949,0
1994 Mets,70.02286589,10.49357907,-74.61247114,0
1994 Marlins,132.9290147,-57.18761945,-64.33369581,0
1994 Mariners,51.99880695,-72.0119014,-49.88396074,0
1994 Indians,-129.5602279,-60.54712874,-73.14989016,0
1994 Giants,35.9468371,0.491717744,-69.90104064,0
1994 Expos,-111.0926423,6.164345534,-60.92197973,0
1994 Dodgers,-9.741958097,-46.84449699,-84.82805807,0
1994 Cubs,88.05021205,-16.4006409,-72.02820968,0
1994 Cardinals,98.85794811,-80.34001811,-64.47421757,0
1994 Brewers,72.80686627,-18.38700775,-61.57906689,0
1994 Braves,-64.31042297,12.11327505,-84.96543863,0
1994 Blue Jays,35.09898928,-31.9018854,-57.61856167,0
1994 Athletics,66.19468655,-37.2562602,-69.95855097,0
1994 Astros,-108.0759677,-62.34454535,-61.49245565,0
1994 Angels,144.9332481,-55.52846766,-72.79509114,0
1993 Yankees,-94.67130283,-119.8975672,-78.98218971,0
1993 White Sox,-104.9913311,-24.00536562,-63.80342111,0
1993 Twins,167.2743235,-50.22565621,-56.25629042,0
1993 Tigers,-96.9432343,-122.2482544,-69.38547133,0
1993 Royals,67.77150075,17.99000682,-63.02149814,0
1993 Rockies,254.4453767,-49.05492821,-69.70193738,0
1993 Reds,96.76999507,-30.7398206,-77.45297791,0
1993 Red Sox,54.05270836,11.03646889,-59.84666102,0
1993 Rangers,-74.14671815,-32.49611487,-68.57755433,0
1993 Pirates,118.8900153,-67.26247084,-71.23385092,0
1993 Phillies,-138.3910214,-39.09335198,-77.57180754,0
1993 Padres,142.1353648,-7.47666726,-51.36652771,0
1993 Orioles,-40.55656707,-57.67364785,-57.10267115,0
1993 Mets,129.8929571,12.48635482,-84.55030134,0
1993 Marlins,213.8092891,19.93170787,-60.26067872,0
1993 Mariners,13.14640096,-39.25750637,-81.54023351,0
1993 Indians,28.35642142,-69.74242969,-43.47102601,0
1993 Giants,-170.8331797,-24.83643647,-67.50289777,0
1993 Expos,-10.10529677,17.65309919,-64.43439246,0
1993 Dodgers,25.00717642,5.529180358,-62.11578244,0
1993 Cubs,25.35813431,-26.25937158,-57.15076211,0
1993 Cardinals,-2.348905939,-49.23180705,-77.0003989,0
1993 Brewers,105.8016711,-1.549348123,-58.79773588,0
1993 Braves,-159.637337,79.61649803,-65.53557327,0
1993 Blue Jays,-128.7836751,-81.00227737,-40.37905099,1
1993 Athletics,120.2316117,-130.2890046,-54.50299056,0
1993 Astros,-70.71721896,-17.26494111,-68.24410145,0
1993 Angels,116.9737986,-37.2769509,-73.14349363,0
1992 Yankees,-3.322369931,-105.9366247,-63.78324605,0
1992 White Sox,-52.73889085,-65.78303129,-55.60678996,0
1992 Twins,-83.35682758,-22.53113171,-58.15274559,0
1992 Tigers,-12.97837973,-106.4244711,-49.94731743,0
1992 Royals,99.81123414,-3.784642319,-50.68221177,0
1992 Reds,-30.66333068,-18.17399339,-60.48705691,0
1992 Red Sox,130.9827558,27.8950623,-65.20454772,0
1992 Rangers,66.83440526,-97.20092831,-84.16761469,0
1992 Pirates,-75.38289038,-7.938162673,-86.43953664,0
1992 Phillies,38.07669687,-76.63919491,-83.81459341,0
1992 Padres,44.24089908,-26.0687133,-49.31470765,0
1992 Orioles,-57.99782388,-68.57226671,-44.16312232,0
1992 Mets,101.5903486,-2.86302169,-90.15719872,0
1992 Mariners,110.3766733,-123.9189913,-73.21402448,0
1992 Indians,78.24559433,-77.45523928,-47.86524907,0
1992 Giants,112.9861534,-18.99586106,-48.35414789,0
1992 Expos,-38.02426831,-0.336566693,-69.90761678,0
1992 Dodgers,121.8852813,-32.26597345,-72.44415785,0
1992 Cubs,83.79879329,15.51575365,-84.8643507,0
1992 Cardinals,-9.532240886,-30.65117248,-58.86679422,0
1992 Brewers,-109.2095717,16.89061123,-52.8859968,0
1992 Braves,-75.57045454,26.40637647,-93.13744082,0
1992 Blue Jays,-109.9612512,-63.19072642,-52.21853759,1
1992 Athletics,-104.2925816,-108.0942897,-52.60132753,0
1992 Astros,78.08304836,-56.30982779,-43.18386582,0
1992 Angels,166.9685479,42.10866577,-74.920854,0
1991 Yankees,117.1826659,-70.52637239,-36.78410196,0
1991 White Sox,-74.57334094,-43.7619016,-45.2660866,0
1991 Twins,-124.8537466,-35.45758587,-61.60658873,1
1991 Tigers,-36.31751838,-93.8448015,-77.70036512,0
1991 Royals,8.656477989,-41.00435085,-61.75622,0
1991 Reds,9.825402184,-55.77546121,-56.4351579,0
1991 Red Sox,-9.309337794,-43.83835168,-59.25264162,0
1991 Rangers,-50.07241461,-133.9871368,-64.54460321,0
1991 Pirates,-145.7518778,-54.28341004,-85.03450918,0
1991 Phillies,103.1128582,6.914770514,-69.56219244,0
1991 Padres,63.0597461,25.06525887,-60.724204,0
1991 Orioles,103.6576968,-110.3007589,-32.75937855,0
1991 Mets,33.66918544,-18.74878674,-59.87202338,0
1991 Mariners,-1.218929941,-11.25248847,-48.6320403,0
1991 Indians,225.4790055,-38.40171172,-71.2959291,0
1991 Giants,66.6587214,-56.11066321,-68.68447585,0
1991 Expos,114.0573304,-22.53400047,-75.24263375,0
1991 Dodgers,-69.17644476,14.90582555,-70.33741409,0
1991 Cubs,75.41340547,-15.01736888,-55.71452942,0
1991 Cardinals,32.96584601,-7.556748191,-80.71225635,0
1991 Brewers,-51.30286978,-54.77762889,-77.03851142,0
1991 Braves,-81.44988954,-0.623644052,-75.28873977,0
1991 Blue Jays,-43.0812752,-12.68577694,-60.93783961,0
1991 Athletics,7.651497897,-99.8957721,-81.61750312,0
1991 Astros,151.24373,-34.90735477,-72.28677907,0
1991 Angels,38.87702033,12.73446224,-55.62464447,0
1990 Yankees,186.3448197,-36.07742781,-58.62666091,0
1990 White Sox,-11.66446571,12.9442101,-60.50367429,0
1990 Twins,86.73550931,-42.31425678,-55.94904819,0
1990 Tigers,-14.85224718,-109.7871067,-38.91399349,0
1990 Royals,5.337260465,-65.87285413,-68.82727582,0
1990 Reds,-59.13539596,26.9536761,-50.94912032,1
1990 Red Sox,-24.40294261,-39.10847129,-87.43642566,0
1990 Rangers,29.53894787,-55.37059343,-59.24384517,0
1990 Pirates,-109.434913,-30.14111871,-58.06946392,0
1990 Phillies,118.5060086,-30.90155977,-69.76583525,0
1990 Padres,40.23020172,2.056632857,-70.10120368,0
1990 Orioles,38.68895973,-62.88255533,-51.92234756,0
1990 Mets,-149.5033933,-3.445434057,-65.17275041,0
1990 Mariners,54.68177799,-49.32782875,-70.05768586,0
1990 Indians,22.74498365,-44.2151206,-60.60293333,0
1990 Giants,2.927720073,-53.44772201,-68.24808081,0
1990 Expos,-16.44342959,33.86338583,-68.04655585,0
1990 Dodgers,-20.46593714,-19.12928663,-61.013642,0
1990 Cubs,125.333863,-20.55192986,-64.88737649,0
1990 Cardinals,137.1362966,-24.56076053,-69.88392913,0
1990 Brewers,41.49901604,-56.11984922,-68.59524831,0
1990 Braves,172.173466,-52.7800824,-86.70758782,0
1990 Blue Jays,-109.446587,-48.77878286,-63.30414404,0
1990 Athletics,-172.4770482,-37.67903088,-37.9531884,0
1990 Astros,133.0248165,-2.035824861,-60.79193459,0
1990 Angels,11.76387308,-78.49723768,-57.96287914,0
1989 Yankees,76.56650423,-129.7193849,-48.85588908,0
1989 White Sox,62.43073211,-80.08242606,-60.34547837,0
1989 Twins,-5.278172512,-80.14166852,-75.91494662,0
1989 Tigers,213.6815806,-101.8960545,-71.47382926,0
1989 Royals,-39.39531734,-21.59159327,-52.92951499,0
1989 Reds,95.54365352,-19.64725776,-55.72366144,0
1989 Red Sox,-58.26603573,-91.88227984,-47.58185516,0
1989 Rangers,17.88532137,-74.45917226,-57.54304965,0
1989 Pirates,71.03151787,-33.57207007,-63.9601544,0
1989 Phillies,128.5604452,-63.76768366,-62.38904656,0
1989 Padres,4.358771909,-29.74571157,-64.67605006,0
1989 Orioles,-14.34531999,-53.72814212,-56.50624479,0
1989 Mets,-78.47188852,-28.43002722,-57.73280561,0
1989 Mariners,56.21228618,-37.3668571,-59.33173005,0
1989 Indians,93.1944518,0.129089409,-57.06906709,0
1989 Giants,-91.54801362,-33.73647589,-71.61888521,0
1989 Expos,23.0607172,-25.96035516,-75.11067418,0
1989 Dodgers,36.97915799,40.16273907,-56.26205549,0
1989 Cubs,-46.99267789,10.01635179,-58.91626784,0
1989 Cardinals,-3.195555397,-23.13385912,-61.59375991,0
1989 Brewers,-7.359766861,-25.98662095,-60.3181555,0
1989 Braves,165.5161608,33.52236458,-58.81184099,0
1989 Blue Jays,-73.68037422,-33.11438919,-55.77999604,0
1989 Athletics,-141.093015,-37.94660325,-48.54956444,1
1989 Astros,58.58741933,-13.24590883,-52.78731126,0
1989 Angels,-64.10729424,7.984789255,-58.6695742,0
1988 Yankees,-31.33233414,-81.28968844,-58.2627211,0
1988 White Sox,165.0449609,-35.3285214,-78.54755263,0
1988 Twins,-93.85267975,-59.41078928,-71.90210458,0
1988 Tigers,-31.6581209,-31.26139655,-49.63526242,0
1988 Royals,-37.73658787,-19.70990215,-65.49246741,0
1988 Reds,-10.49074282,7.01967796,-47.04584078,0
1988 Red Sox,-152.2160804,-87.96003724,-63.40510365,0
1988 Rangers,121.3642351,-55.88671143,-82.21905968,0
1988 Pirates,-15.30747324,-27.40070922,-65.59136261,0
1988 Phillies,171.3862388,-52.5274591,-71.38417335,0
1988 Padres,24.62189266,0.312707356,-51.5242232,0
1988 Orioles,262.8833363,-92.35702129,-55.52662377,0
1988 Mets,-182.7346367,-40.72120697,-62.06894418,0
1988 Mariners,92.9896104,-65.22007721,-60.08730922,0
1988 Indians,89.91400406,-43.30517158,-74.30984216,0
1988 Giants,-26.96771916,-30.89849151,-86.03557506,0
1988 Expos,-1.390989585,3.426196256,-72.196884,0
1988 Dodgers,-42.59767792,31.83327292,-46.70055496,1
1988 Cubs,65.45034609,-27.3649426,-87.15496022,0
1988 Cardinals,99.99195503,-4.284160416,-84.53227446,0
1988 Brewers,-25.12392968,26.38899564,-51.65955187,0
1988 Braves,244.3196642,-16.85110099,-58.43677382,0
1988 Blue Jays,-98.38466967,-75.70307963,-60.77608711,0
1988 Athletics,-196.3155374,-49.68839935,-46.92148445,0
1988 Astros,45.81566737,-19.10728437,-69.67160302,0
1988 Angels,65.15925422,-72.36098386,-53.34751712,0
1987 Yankees,-19.62241925,-44.36763712,-68.75395405,0
1987 White Sox,34.17971165,-6.32788757,-82.13063745,0
1987 Twins,48.0114724,-28.07194631,-79.38707292,1
1987 Tigers,-183.8616143,-68.2252482,-66.73693937,0
1987 Royals,3.14276107,-9.734450157,-67.66762694,0
1987 Reds,-6.758290249,-16.98414714,-36.58820902,0
1987 Red Sox,-21.28427434,-78.84961133,-92.24213557,0
1987 Rangers,39.83181161,-52.90706363,-54.41150067,0
1987 Pirates,55.13931999,-16.38296042,-78.42191315,0
1987 Phillies,84.3015493,-14.07240529,-47.06873474,0
1987 Padres,132.2691799,-29.42314743,-59.99075213,0
1987 Orioles,160.3851843,-95.72473361,-56.91345893,0
1987 Mets,-136.613659,-58.79637718,-63.23034918,0
1987 Mariners,48.18832469,-64.64634205,-60.09976988,0
1987 Indians,215.5703161,-129.2517417,-58.67661535,0
1987 Giants,-89.26178321,4.225008269,-60.25704481,0
1987 Expos,25.46741689,22.22950781,-51.91042274,0
1987 Dodgers,108.0114865,42.10756539,-76.10262241,0
1987 Cubs,109.8216073,-38.91133257,-57.95919898,0
1987 Cardinals,-60.81306191,33.88424488,-73.02177959,0
1987 Brewers,-43.50591864,-55.48286025,-60.42408024,0
1987 Braves,120.0553753,-25.51329775,-63.26828998,0
1987 Blue Jays,-179.6330952,2.703430276,-60.51305288,0
1987 Athletics,-26.73358915,-83.3868747,-56.73115347,0
1987 Astros,85.28929341,22.13879433,-74.79200118,0
1987 Angels,55.16793574,-36.14883503,-43.62086556,0
1986 Yankees,-99.01329632,-127.2704212,-62.32729827,0
1986 White Sox,125.892414,48.12148128,-53.37163386,0
1986 Twins,99.50018974,-98.49486394,-83.99552472,0
1986 Tigers,-103.3263066,-83.87368178,-59.05417966,0
1986 Royals,61.72591123,9.177739101,-49.08182552,0
1986 Reds,16.6012828,-9.970059638,-61.04739155,0
1986 Red Sox,-87.87709987,-26.73742628,-84.22188218,0
1986 Rangers,-22.46245866,-51.11822014,-50.77538519,0
1986 Pirates,72.8355184,-17.59270316,-62.35255892,0
1986 Phillies,-4.88307323,-27.06889914,-59.96694763,0
1986 Padres,85.85289083,-57.93289976,-56.45965154,0
1986 Orioles,59.30435283,-70.76491871,-59.50426234,0
1986 Mets,-204.6328872,-13.71364489,-69.61229321,1
1986 Mariners,139.2957335,-61.29186644,-57.79373722,0
1986 Indians,-7.391064014,-112.263262,-89.28210082,0
1986 Giants,-42.89579052,18.68352572,-55.82391233,0
1986 Expos,74.57457891,-40.25294248,-62.04675513,0
1986 Dodgers,74.54006062,-23.78096938,-85.31627584,0
1986 Cubs,136.3269787,-36.40216559,-64.77803013,0
1986 Cardinals,90.32149309,73.111928,-63.90005096,0
1986 Brewers,98.61044913,-26.32095708,-49.96106436,0
1986 Braves,154.9845024,-2.501882359,-56.61912003,0
1986 Blue Jays,-71.84900233,-41.80961276,-59.23401822,0
1986 Athletics,32.65491939,-77.50379332,-74.86092722,0
1986 Astros,-58.54192933,1.502364908,-82.38778895,0
1986 Angels,-97.65176731,-33.59108836,-69.75197598,0
1985 Yankees,-199.1937963,-56.43140477,-41.20730939,0
1985 White Sox,34.06833039,26.46279075,-54.25451856,0
1985 Twins,90.59580568,-65.93382457,-67.55206912,0
1985 Tigers,-38.68405096,-54.06095173,-81.73771279,0
1985 Royals,-12.14692254,13.98576264,-68.43882036,1
1985 Reds,23.4474396,-4.870949401,-64.24300875,0
1985 Red Sox,-100.0303539,-83.20981689,-63.69708154,0
1985 Rangers,189.212684,-74.42926477,-44.98128928,0
1985 Pirates,192.9342536,-12.75212734,-69.21426226,0
1985 Phillies,43.18339378,-6.416320123,-65.53900115,0
1985 Padres,10.22689501,4.909717856,-73.42081348,0
1985 Orioles,-76.37312717,-99.80226591,-53.82377959,0
1985 Mets,-100.8213613,9.260172829,-93.47263461,0
1985 Mariners,93.00041484,-106.8397636,-46.52951028,0
1985 Indians,154.5727823,-69.89638094,-61.65209773,0
1985 Giants,168.7465955,-8.635934595,-59.15017531,0
1985 Expos,37.81555169,-8.197461537,-74.86852096,0
1985 Dodgers,-92.24267149,-21.5534384,-87.22502016,0
1985 Cubs,66.57115127,-44.52201937,-83.76054986,0
1985 Cardinals,-165.2921522,-4.271733869,-61.56613848,0
1985 Brewers,138.4135577,-55.45438034,-73.39826099,0
1985 Braves,202.1125228,-18.26813529,-74.39573175,0
1985 Blue Jays,-155.0144771,9.268943368,-63.22348626,0
1985 Athletics,21.23706181,-99.49482055,-55.68179257,0
1985 Astros,-8.124585031,-59.03914299,-70.00808388,0
1985 Angels,-13.35027665,-32.41291819,-55.48223905,0
1984 Yankees,-90.9016688,-67.58264128,-47.8368749,0
1984 White Sox,78.15916651,-45.12508961,-54.22853949,0
1984 Twins,50.63498092,17.26102397,-74.04295789,0
1984 Tigers,-210.8843549,-61.14873961,-45.54019518,1
1984 Royals,32.79206126,-34.48678385,-46.80513939,0
1984 Reds,167.1257729,-21.10084588,-66.27666849,0
1984 Red Sox,-70.67293351,-102.6178804,-62.59875398,0
1984 Rangers,94.66057568,-18.44176018,-60.17992118,0
1984 Pirates,14.03855949,59.38757547,-65.83299103,0
1984 Phillies,-49.77740017,-96.81592632,-70.20421683,0
1984 Padres,-21.51091471,-4.861677083,-64.01545439,0
1984 Orioles,-6.939162243,-53.33723299,-74.79674545,0
1984 Mets,42.32568864,-44.81190723,-70.08828927,0
1984 Mariners,110.7082101,-60.15128064,-63.07546484,0
1984 Indians,19.10262235,-47.21229903,-44.17833577,0
1984 Giants,117.7025117,-125.7151037,-53.10118934,0
1984 Expos,23.7598104,-6.716057913,-49.0449132,0
1984 Dodgers,73.34496524,22.67643797,-86.11289934,0
1984 Cubs,-74.07035744,9.841449774,-77.01276988,0
1984 Cardinals,31.50477784,1.304569502,-46.80075314,0
1984 Brewers,121.7453316,-42.31873228,-52.64809158,0
1984 Braves,82.93558458,35.16609047,-52.16838572,0
1984 Blue Jays,-56.8264662,-61.08536195,-79.2280366,0
1984 Athletics,35.01104415,-134.7452059,-64.55872218,0
1984 Astros,-42.18644382,-15.04325273,-50.89842608,0
1984 Angels,27.29226511,-24.14374208,-69.58282897,0
1983 Yankees,-90.54599791,-93.00933623,-61.83291923,0
1983 White Sox,-135.5571011,-3.351119352,-72.66701958,0
1983 Twins,133.6176494,-64.52781198,-52.01626259,0
1983 Tigers,-122.5726881,-63.98987107,-71.05296827,0
1983 Royals,76.42406536,-79.49637379,-56.5575746,0
1983 Reds,147.3604871,10.27123074,-86.96330007,0
1983 Red Sox,58.13501412,-70.25241532,-57.46784887,0
1983 Rangers,26.87958115,48.38926195,-60.13554598,0
1983 Pirates,21.48243763,-5.927776434,-64.74473575,0
1983 Phillies,-22.60593156,18.30898994,-70.69667059,0
1983 Padres,57.65743449,31.18753485,-56.58014092,0
1983 Orioles,-159.4730587,-52.4541265,-63.42306603,1
1983 Mets,170.9230212,22.80904477,-33.46019005,0
1983 Mariners,236.5635044,-15.1270639,-55.90255754,0
1983 Indians,100.2273539,-58.35691087,-66.99051004,0
1983 Giants,30.6922943,-38.58291946,-68.03537547,0
1983 Expos,-18.49271607,-39.85496149,-71.29733435,0
1983 Dodgers,-20.712352,-6.839173077,-47.51437235,0
1983 Cubs,53.39011128,-11.44114727,-47.84993031,0
1983 Cardinals,32.07170368,-78.77050356,-59.60207342,0
1983 Brewers,-72.86362011,-88.5011396,-62.6587595,0
1983 Braves,-79.47373611,4.077686595,-64.73269205,0
1983 Blue Jays,-78.2620586,-69.19355411,-70.57801665,0
1983 Athletics,72.54539413,-96.05646056,-57.27934293,0
1983 Astros,22.87614238,-34.29700155,-57.06374758,0
1983 Angels,75.11749941,-53.9907169,-66.3712986,0
1982 Yankees,9.005860295,-63.21708221,-39.80476218,0
1982 White Sox,-76.32290537,-46.82887256,-60.41894518,0
1982 Twins,190.4505169,-67.17788386,-77.33359793,0
1982 Tigers,-39.74757893,-50.19819522,-66.09943889,0
1982 Royals,-87.1913404,-90.19183234,-50.83457346,0
1982 Reds,171.1572748,2.928569417,-55.525644,0
1982 Red Sox,-24.6973044,-28.6949296,-42.18710724,0
1982 Rangers,200.2395537,-35.81996956,-47.77777652,0
1982 Pirates,-26.69999851,-60.38781964,-47.18543712,0
1982 Phillies,24.06721635,-5.500774592,-80.70796358,0
1982 Padres,26.78181661,10.71249396,-50.42592447,0
1982 Orioles,-103.1530547,-77.08461409,-63.0388812,0
1982 Mets,161.5451632,-16.87030529,-45.28282379,0
1982 Mariners,113.1142771,14.49738785,-47.94670598,0
1982 Indians,78.17179381,-57.81650713,-52.05406621,0
1982 Giants,22.43421148,-58.70904363,-41.53289912,0
1982 Expos,-75.5612207,-36.87916836,-66.85120432,0
1982 Dodgers,-71.6047321,-31.43163872,-58.25903731,0
1982 Cubs,80.03097835,5.345715387,-48.8991107,0
1982 Cardinals,-43.54217615,8.486260645,-65.16225971,1
1982 Brewers,-216.9954985,-106.1587971,-56.7222621,0
1982 Braves,-3.400685552,-1.999547659,-57.5404385,0
1982 Blue Jays,106.8157417,23.34422485,-59.97918639,0
1982 Athletics,148.9587031,-73.23034074,-62.30030719,0
1982 Astros,95.65369505,-5.048330561,-82.15095662,0
1982 Angels,-166.5709306,-70.57503937,-57.63482366,0
1981 Yankees,-81.69450769,-44.83138714,-39.32416202,0
1981 White Sox,-59.78780753,-68.76551925,-69.10564337,0
1981 Twins,155.2051301,-15.99147368,-65.67625967,0
1981 Tigers,-16.76829627,-50.28847873,-42.54220309,0
1981 Royals,10.67529174,-64.00638985,-46.17501682,0
1981 Reds,-18.53146118,-60.62318888,-88.46468513,0
1981 Red Sox,-44.0217467,-71.74777221,-51.6425999,0
1981 Rangers,-48.63332614,-26.80515055,-59.10140277,0
1981 Pirates,47.89572758,-20.72964372,-57.88079047,0
1981 Phillies,-23.50607075,-80.7394427,-71.35864241,0
1981 Padres,98.11974785,-50.2461062,-54.56910652,0
1981 Orioles,3.408762705,-82.85025865,-66.10234688,0
1981 Mets,102.5159131,-60.30258442,-50.02011307,0
1981 Mariners,106.2184247,-77.80911963,-68.27045346,0
1981 Indians,28.09830049,-44.59025798,-80.47872982,0
1981 Giants,10.38701822,-24.93963601,-57.20603422,0
1981 Expos,-26.11592225,-15.44040933,-75.59854574,0
1981 Dodgers,-74.79483616,-10.48846813,-89.00910716,1
1981 Cubs,161.0569445,-17.17341997,-66.44613567,0
1981 Cardinals,-33.85088786,-38.02645729,-77.06683841,0
1981 Brewers,-29.9547305,-61.12447497,-59.0575577,0
1981 Braves,64.71215625,6.84309662,-46.38137154,0
1981 Blue Jays,191.6460267,-5.025748469,-52.29961622,0
1981 Athletics,-48.41920787,-49.06948081,-90.69045266,0
1981 Astros,-41.09448457,-9.953253637,-86.90072905,0
1981 Angels,-28.88620649,-77.52094372,-60.89319602,0
1980 Yankees,-180.219151,-63.88288978,-49.36810086,0
1980 White Sox,179.674962,-21.05195489,-59.49710203,0
1980 Twins,99.21483992,3.207028487,-50.96555143,0
1980 Tigers,-75.04821108,-56.06287422,-48.71100191,0
1980 Royals,-127.7560461,-63.55185374,-70.14906592,0
1980 Reds,-22.73621696,-37.55490414,-61.54889248,0
1980 Red Sox,-4.225593078,-97.14964221,-59.32446787,0
1980 Rangers,-18.71900513,-96.80177448,-69.29545165,0
1980 Pirates,15.09141222,0.790604014,-62.15346688,0
1980 Phillies,-73.03036363,-15.84642467,-63.40965563,1
1980 Padres,80.76389199,-57.05913727,-61.68221278,0
1980 Orioles,-178.8645019,-51.87571969,-62.76444871,0
1980 Mets,136.6533207,-16.18569609,-60.44402952,0
1980 Mariners,246.1037636,-3.2262838,-68.81686056,0
1980 Indians,63.81181639,-102.3441705,-67.58565087,0
1980 Giants,111.5740016,5.12151368,-56.53414378,0
1980 Expos,-50.02520245,-26.48056994,-67.96257632,0
1980 Dodgers,-59.40708996,-25.81573931,-57.57159573,0
1980 Cubs,179.4459675,20.54589619,-46.2005493,0
1980 Cardinals,-18.34851357,-51.36904023,-79.68299522,0
1980 Brewers,-153.1046438,-81.72797975,-71.89334025,0
1980 Braves,87.12687645,27.59571772,-47.20005214,0
1980 Blue Jays,192.8787982,-6.112144627,-60.81950396,0
1980 Athletics,-22.3960556,-26.31049419,-112.4512913,0
1980 Astros,-38.44567106,-33.71295051,-54.9530971,0
1980 Angels,109.4401775,-81.62877938,-46.08292328,0
1979 Yankees,-41.36089278,-16.26313401,-80.7294762,0
1979 White Sox,24.58059718,-60.42636637,-54.52995144,0
1979 Twins,-17.65485224,-17.08411557,-49.81816162,0
1979 Tigers,-24.05964045,-48.3414792,-69.21284384,0
1979 Royals,-44.5776279,-82.70911139,-71.20274245,0
1979 Reds,-70.05122723,-16.29683424,-66.12925022,0
1979 Red Sox,-133.9862223,-39.37957489,-63.87773914,0
1979 Rangers,-41.30279844,-31.88245003,-40.81828787,0
1979 Pirates,-106.3225422,12.89263358,-60.57310856,1
1979 Phillies,44.93062373,-64.89677335,-82.71666066,0
1979 Padres,131.7288498,3.998840843,-68.46950161,0
1979 Orioles,-176.7560838,-20.57512304,-54.47218426,0
1979 Mets,167.9650617,-2.172172684,-60.15149604,0
1979 Mariners,116.1810506,-85.57122146,-62.50258532,0
1979 Indians,58.63629315,-59.45292355,-60.65988883,0
1979 Giants,116.8528944,-30.06768982,-63.71785531,0
1979 Expos,-93.71794238,13.42356941,-52.21493998,0
1979 Dodgers,-28.46156945,-80.06618664,-82.2493598,0
1979 Cubs,46.35355834,14.25284053,-56.05919772,0
1979 Cardinals,-17.08551437,-23.06858081,-59.03926814,0
1979 Brewers,-119.6104907,-110.2438776,-64.35992518,0
1979 Braves,153.6540407,13.149632,-59.1751294,0
1979 Blue Jays,307.242309,-32.45539576,-69.09555459,0
1979 Athletics,339.848,-56.86091263,-81.41511095,0
1979 Astros,54.97776781,32.06004439,-79.73383648,0
1979 Angels,-126.5395959,-102.6290063,-90.8259626,0
1978 Yankees,-144.1464883,-11.81814783,-76.17151029,1
1978 White Sox,115.2463443,-67.25680845,-63.51009924,0
1978 Twins,18.80416072,-58.0552663,-66.68660584,0
1978 Tigers,-60.06647935,-49.9835287,-58.35132299,0
1978 Royals,-103.7787778,-30.15566682,-64.642208,0
1978 Reds,-22.49228103,-68.94216231,-72.01316701,0
1978 Red Sox,-132.4263682,-19.96690965,-65.78506597,0
1978 Rangers,-50.84064588,-33.13221808,-62.73098721,0
1978 Pirates,-17.20484774,-1.037126669,-56.60950162,0
1978 Phillies,-97.87946355,9.546289843,-54.17575469,0
1978 Padres,33.8838531,-21.76228345,-63.86744138,0
1978 Orioles,-38.13631893,-88.25671757,-92.35469591,0
1978 Mets,119.6190482,-32.48872447,-76.46488265,0
1978 Mariners,238.754873,-99.87001024,-59.01187302,0
1978 Indians,70.08928418,-56.28588471,-54.41616852,0
1978 Giants,9.441750397,-14.0256746,-84.91429916,0
1978 Expos,17.7620303,2.142775339,-90.69036846,0
1978 Dodgers,-160.471002,-37.942285,-61.22924515,0
1978 Cubs,113.9492559,9.140233831,-72.10190582,0
1978 Cardinals,113.0213147,14.02723814,-72.83441139,0
1978 Brewers,-186.9957119,-91.26300194,-72.16681796,0
1978 Braves,208.6394829,-5.855899781,-77.92456286,0
1978 Blue Jays,231.9700881,-39.1453248,-68.16142192,0
1978 Athletics,194.8232013,-41.15359919,-51.87956117,0
1978 Astros,50.86002589,-42.43079499,-69.50227312,0
1978 Angels,-16.06148035,-47.29518633,-52.40376886,0
1977 Yankees,-211.9512857,-78.31655994,-56.58539249,1
1977 White Sox,-98.22717476,-97.40710586,-54.87490835,0
1977 Twins,-94.88439527,-59.25568462,-73.86114276,0
1977 Tigers,62.01062416,-32.02372869,-52.51281688,0
1977 Royals,-177.4198698,-33.02070557,-65.2039351,0
1977 Reds,-93.09519069,-84.40627361,-71.12149333,0
1977 Red Sox,-159.4585211,-54.18327006,-73.09251361,0
1977 Rangers,-106.5149434,-31.73390154,-72.75364027,0
1977 Pirates,-46.91790436,-7.891641451,-52.8085214,0
1977 Phillies,-188.2160989,-37.69274555,-50.31044921,0
1977 Padres,156.5017564,-90.15315406,-57.55339549,0
1977 Orioles,-62.17657179,-51.09974527,-93.32796745,0
1977 Mets,144.6672154,35.79218919,-59.04923323,0
1977 Mariners,257.7960596,-85.31663668,-54.55419101,0
1977 Indians,83.18968787,-49.85980592,-75.80739621,0
1977 Giants,79.43033754,-2.236270806,-47.08905512,0
1977 Expos,98.37881853,-38.18946897,-47.41708204,0
1977 Dodgers,-171.5984505,8.797485607,-79.47971706,0
1977 Cubs,114.708655,44.57431152,-61.69626579,0
1977 Cardinals,4.689694244,36.66364636,-65.72699943,0
1977 Brewers,155.2827962,-49.69501269,-53.86981204,0
1977 Braves,281.4721735,-17.29457674,-80.38956775,0
1977 Blue Jays,263.727026,-43.26850088,-63.93294221,0
1977 Athletics,187.7254049,-26.99931442,-46.3421214,0
1977 Astros,-9.204772156,-23.39980929,-57.56196608,0
1977 Angels,33.10496961,-50.69980577,-68.82789606,0
1976 Yankees,-173.2292909,-58.03477591,-47.70586916,0
1976 White Sox,171.5296339,-95.49013305,-77.01183136,0
1976 Twins,-61.16444787,-99.89257354,-40.1750252,0
1976 Tigers,115.3280432,-67.36196838,-53.6364138,0
1976 Royals,-94.94876541,-28.57944106,-64.40287606,0
1976 Reds,-271.2065281,-98.43258267,-55.92089154,1
1976 Red Sox,-49.00055812,-40.66645171,-66.40650749,0
1976 Rangers,55.70460296,-49.87210603,-104.5689178,0
1976 Pirates,-67.4983048,-30.60721666,-68.60868814,0
1976 Phillies,-199.1278299,16.1061205,-50.38760606,0
1976 Padres,125.218405,-39.43123396,-73.11816672,0
1976 Orioles,-24.58047474,-71.41791921,-62.84725745,0
1976 Mets,-39.79869774,22.63630207,-66.91270107,0
1976 Indians,12.04941295,-44.60793473,-42.14956954,0
1976 Giants,139.5599044,-4.907467754,-66.02540976,0
1976 Expos,270.8865938,-3.682495444,-65.77498789,0
1976 Dodgers,-23.33071272,21.80917031,-79.58961434,0
1976 Cubs,177.0677927,7.023624936,-71.36315324,0
1976 Cardinals,70.2561736,-35.84437869,-89.97302145,0
1976 Brewers,118.4625361,-38.80842779,-92.86864181,0
1976 Braves,149.3543093,32.11907033,-74.23579248,0
1976 Athletics,-93.42071338,-55.68227921,-61.8855938,0
1976 Astros,44.55103894,-63.10804518,-86.03216054,0
1976 Angels,120.5691845,-20.45664127,-80.11088704,0
1975 Yankees,-78.55448027,-15.29616253,-63.18440649,0
1975 White Sox,70.07990037,-41.70458296,-45.13167967,0
1975 Twins,7.756032491,-82.53281566,-61.74704413,0
1975 Tigers,256.2453403,-52.65802877,-57.12663428,0
1975 Royals,-57.76314748,-42.93123067,-55.78266324,0
1975 Reds,-266.3366104,-28.06195273,-55.72268755,1
1975 Red Sox,-86.03917225,-45.82730646,-68.50622214,0
1975 Rangers,31.028201,-54.73336745,-70.77753997,0
1975 Pirates,-131.0238343,2.493380861,-54.54618298,0
1975 Phillies,-42.4608424,-60.17896749,-52.27557302,0
1975 Padres,179.3654723,-18.24335586,-77.15292127,0
1975 Orioles,-114.9256349,-8.974422884,-69.04642037,0
1975 Mets,17.63130043,6.702463767,-62.50762844,0
1975 Indians,14.32102319,-74.69256703,-54.01571753,0
1975 Giants,51.02470928,-4.51619221,-71.87744447,0
1975 Expos,153.2890632,22.5674937,-68.57157573,0
1975 Dodgers,-82.06217627,19.8163464,-87.3509093,0
1975 Cubs,153.0960619,-40.23119406,-95.87264176,0
1975 Cardinals,47.0694727,-40.24350263,-62.25102082,0
1975 Brewers,114.7618444,-111.3058951,-63.55387734,0
1975 Braves,228.1100533,22.08223765,-55.33873079,0
1975 Athletics,-166.7494721,-53.43114436,-53.7921163,0
1975 Astros,71.20429836,-46.91466908,-57.46801209,0
1975 Angels,121.2892921,-50.5968323,-73.05105143,0
1974 Yankees,-36.70156507,-33.81058962,-55.40870874,0
1974 Twins,-7.774133398,-72.93844096,-60.83588298,0
1974 Tigers,181.9927369,-48.00430295,-44.90569355,0
1974 Royals,12.01802399,-34.62108619,-54.95014649,0
1974 Reds,-154.9191861,-51.84872045,-75.580018,0
1974 Red Sox,-17.43805629,-27.16968594,-61.26294408,0
1974 Rangers,-4.31970545,-96.91648124,-70.60480875,0
1974 Pirates,-93.1503277,-48.98450121,-88.09776388,0
1974 Phillies,65.95021403,-9.169101906,-90.71595222,0
1974 Padres,324.8661173,-94.31884347,-81.03234756,0
1974 Orioles,-48.41233414,-55.63170755,-45.53483883,0
1974 Mets,126.7196854,4.776464195,-84.10668496,0
1974 Indians,57.93751738,-38.30548045,-91.65470133,0
1974 Giants,127.3254726,-24.82271783,-63.56661304,0
1974 Expos,33.16354112,5.363836628,-40.76215262,0
1974 Dodgers,-241.9947547,-15.2820689,-69.5002554,0
1974 Cubs,196.2830653,-41.483783,-64.22810571,0
1974 Cardinals,-6.198245788,-9.615309452,-54.42896282,0
1974 Brewers,38.48667116,-29.79135584,-53.69690835,0
1974 Braves,-26.57663164,91.02298607,-68.70009907,0
1974 Athletics,-132.4825737,-19.63299156,-67.01018479,1
1974 Astros,-6.221545453,-40.40585401,-73.86130733,0
1974 Angels,39.53992094,-84.09936436,-87.58711403,0